loss,val_loss,physics_loss,val_physics_loss,train,val,physics,val_physics,train_data,val_mse,phys,train_total,val_raw,train_phys
0.5001789979888062,0.5906755612345974,0.257209042355088,0.30197689498709923,0.5026867315651089,0.604363396425092,0.24959559024499609,0.30765292494157376,0.49381609544105753,0.5945024546732817,0.23899367872660485,0.7536208214027487,0.6560015829585271,0.245701592370264
0.494818742335137,0.5981059316239123,0.2523324608125341,0.29630376984657586,0.4974348266356424,0.6067050276879209,0.2433720347158906,0.29508404377501457,0.49506169223032526,0.5947844502128599,0.2604607233741908,0.7472571743352356,0.6457129960134353,0.24322525507198603
0.4962907769758556,0.5987399179592354,0.25326908815413124,0.29948376093658513,0.498396221847264,0.5971226892009479,0.257042187236985,0.2900610669708959,0.49757934553802274,0.5886945763325371,0.24857851668471947,0.7425008133962033,0.6427225430060385,0.2526347778189243
0.4959396973431127,0.595476531085329,0.2477907247621288,0.2935074269547868,0.4820796981163675,0.5915069849915098,0.2456871621186881,0.29959100093283325,0.4921602053178239,0.5885084373048592,0.2506275400394493,0.7400084544402643,0.647143852407241,0.25439280963865885
0.48558100129968373,0.5873642640217469,0.2394024358216916,0.2859906355729858,0.48779415079136956,0.584122073069864,0.24786049521950948,0.29313348071439554,0.48941844216630453,0.5812814577911287,0.24718859185975012,0.728158074991763,0.6469439127698806,0.24407673478443614
0.4858874663431757,0.5852572184400074,0.2475084454155106,0.28971343400584587,0.4887624234435587,0.5833930729543113,0.24501620300187654,0.3002653309585699,0.4842921480288171,0.5923605325825441,0.24366717562460247,0.7406647632381567,0.6272728396476781,0.24109691838753303
0.48758120893837914,0.5899288413210503,0.25799971690448326,0.29615078576327575,0.488751743291058,0.57938250637069,0.24230426736040628,0.2916674570519557,0.4885275425220309,0.5851423193827822,0.24272965843594704,0.7437328351691098,0.6368761475579301,0.23881008054056746
0.4806640569711017,0.5783414718608918,0.24215689087993794,0.2925263404874125,0.4792345055255763,0.5774442223881439,0.23293633015128867,0.288315418741383,0.48274429101575567,0.5781304026966103,0.24029569787695282,0.7221770334383409,0.6292761056555689,0.23137389687625148
0.4799911647420924,0.5730272911300596,0.23776773131527346,0.27771879278263684,0.4772732728488536,0.5839315367316906,0.24128005990050458,0.2867760141289082,0.4865761496063027,0.571421378770275,0.2400742948549897,0.7149487709100257,0.6215814988626898,0.23383213520520363
0.4776940840190626,0.5628767252573077,0.2439556266217852,0.2872674763409718,0.4820399843512109,0.5765667841198906,0.24419346906032519,0.2861774518179157,0.4707813431692453,0.5635522985656086,0.2386009709831229,0.7117866272897174,0.6262513823889747,0.24488474853612532
0.4772200701969763,0.5692160024531939,0.23603472227894057,0.28206725263879456,0.47179556891788665,0.5731351568168757,0.23918584204996324,0.29086236519341835,0.4796922166939184,0.5776457178815273,0.24237591947250506,0.7112405926395403,0.6147724862473096,0.22521941176623017
0.47449414479925817,0.5761397149151939,0.2372078490075421,0.27719618188519,0.47498742363715823,0.5723712079721135,0.2333963022360681,0.29342130252832077,0.47371251914772305,0.5765848296798517,0.23444041968792262,0.7037900381995535,0.6068960094627541,0.23387200266787372
0.4739905564351799,0.564625404817775,0.23630602593484507,0.2764437023627042,0.4653824357038616,0.5645293231524023,0.22797390858504268,0.2873927283989194,0.4756930800244417,0.5677167418036935,0.24155303024562472,0.7092822129478641,0.6082235876147437,0.2310749524984298
0.4701836112535421,0.5676156768642286,0.24136389941552813,0.28138414646385795,0.4697373904128974,0.5592112946448731,0.23400149383194965,0.2781732961838183,0.4723861224869338,0.5610929904455558,0.23335964498329922,0.6937206085860803,0.6050229997101104,0.236226995353822
0.4667491116523936,0.5555208901887458,0.23680657803433203,0.2761674206624828,0.4598792666930876,0.5570425983980174,0.2290579617236419,0.2778150858656455,0.46713862530539657,0.5621342147405268,0.21834222321495986,0.6978173991967581,0.6055958565152905,0.23521600746926635
0.47170424779372994,0.5538313613797066,0.23148249430234982,0.26734900840820724,0.47144071548331623,0.5629186250490291,0.22523296928422795,0.27731953054758873,0.4656823999769395,0.5547914494891115,0.2259787184585622,0.6865959861470623,0.6024192605812938,0.22180693763454445
0.460956228428766,0.559118140734447,0.22224543293101848,0.28286845141319394,0.45549404511345004,0.5584668174727988,0.23147491692304858,0.2780136470685974,0.4596503264460083,0.5581916355601538,0.22856578305785333,0.6877875516946255,0.5908240458242953,0.22208580222442956
0.4517276863514148,0.5551216432062058,0.22752636225260425,0.27570751231840596,0.45774926123169224,0.5542161860733755,0.22380812147422827,0.2766314553787587,0.45822366152523747,0.5480417525188229,0.22169587395366058,0.6898635167069491,0.59567918871812,0.21911407763330437
0.44774088021499103,0.5545672959621543,0.22324769482226034,0.271149025890015,0.45618976876343603,0.5440162350940025,0.2320269903698523,0.2765111089871949,0.4520259952223801,0.545555206698353,0.22742997027304535,0.6843936810674164,0.5861122530801575,0.22685506599168934
0.4564535693125476,0.548254087157696,0.2207714702674854,0.26240285737848124,0.4547248398358538,0.5439613877569812,0.22978016576687127,0.26979480272386325,0.4485055455373526,0.540537312044369,0.22351022420919847,0.6832608045657176,0.5872708792373909,0.2308795744699031
0.4500748707403151,0.5459577990484689,0.2263816144078783,0.2733475343112755,0.4533620457939023,0.5318279427839555,0.22159878031117866,0.2686540266517769,0.4512154285860104,0.5342431554761291,0.23463228652112048,0.6757207206228071,0.59146477157566,0.2211035461091405
0.4488171788067026,0.5305652737243666,0.23370469143898215,0.26946070946502176,0.449914253927855,0.5425349634122963,0.22819608686254866,0.26698573221094435,0.4465719634812893,0.5441408368010042,0.21825586546510026,0.6715205872166673,0.576147871853447,0.2215352214498882
0.453152059667366,0.5284332814421923,0.21676802430989095,0.2680870441038503,0.45031348774312585,0.5381955027736548,0.22675888202690614,0.27201570874613606,0.4408545919454966,0.5335964839460329,0.2218246071478974,0.6693423708469635,0.5858977983858074,0.2222241674790937
0.45012849460375315,0.5300106965381414,0.22792128028556108,0.2747801839348,0.4386734821981471,0.5311383061772442,0.22088383185817373,0.2584609997622993,0.4606866653346708,0.5347372782953588,0.22787299086498763,0.6637827050895834,0.5775739840750069,0.2282327475803942
0.43588085091161916,0.5253368561193339,0.21705761390299913,0.2657898143722405,0.44412492868261993,0.524815070713511,0.2337679569150687,0.2587675106431892,0.43842639351910145,0.5270583282978331,0.224534049463163,0.6588689511343642,0.5735572699470725,0.22674789399957423
0.4327862094834473,0.5205460646976525,0.22317505230185153,0.2641931128139749,0.4330166889175666,0.5137656220556376,0.21703846049123104,0.2668847533269234,0.433006360648762,0.520678769643522,0.21474989362431135,0.6603700116674115,0.5709811183398059,0.21183591658453324
0.424217117394804,0.5265409937750594,0.21424712027775847,0.26239451878512754,0.4266270169032303,0.5222696552767163,0.20878508404728308,0.2581521343348599,0.4367315636281002,0.5229408033841031,0.2159630717329058,0.6603375100040368,0.5722447228623543,0.20630406991587338
0.4384606701728701,0.5158346939406515,0.21567362573213336,0.2528214808838978,0.43466699989089785,0.5244638718131006,0.21747873521945288,0.25527666886155614,0.42886449301501256,0.5170433783310039,0.20361596489047393,0.6376233772972434,0.5539099916873278,0.21074061349136766
0.4380946529462269,0.5239059811545103,0.21261124299332507,0.2591107131906323,0.43606587459453705,0.5168059203053078,0.21639106223368879,0.25649703073763913,0.4268288120906896,0.5146282892552256,0.21495330930535897,0.6429889861156228,0.5588679449802214,0.21739122643068004
0.42305887319424756,0.5093088441256947,0.21577196929944426,0.25421988612556123,0.427893673872109,0.5143553953377829,0.21936218944696242,0.26888952505981006,0.4242931590478079,0.5072098019420723,0.22170080693086214,0.6422291926475818,0.5626805929050755,0.2075429059622893
0.4243566234457789,0.5142703026822141,0.21030749022034334,0.24840148023105324,0.43377496481340194,0.5061866377996499,0.2093108709647902,0.2540909448271974,0.4271832022672023,0.49920984757804393,0.21681500371268017,0.6468136372681201,0.5581248825798066,0.21303721026871675
0.4236086850515762,0.516537196763532,0.21456917374055032,0.25249679107678785,0.42286612091858666,0.5083919821261259,0.21302183443836004,0.25567318702325614,0.42369586987817687,0.5110071748759784,0.2162308117682077,0.6312578259435646,0.5471044685566377,0.19911521062725704
0.4332298596821061,0.5064788821694822,0.20580038569130477,0.2543722068014074,0.42543023039882544,0.509329333735721,0.20771781340052814,0.25083019690738917,0.423270928946915,0.5098354486942867,0.20900242400063546,0.6265133631450602,0.5467574810927375,0.20516710312770742
0.41833173026220993,0.4984577188917711,0.19926615347598456,0.2485212998523491,0.4182967403138584,0.5013998568011154,0.21283363104523917,0.24865623739884174,0.41191039425833254,0.5060576474786912,0.20573665927769924,0.6241720187349479,0.5436861507106079,0.21582877675235998
0.4152142319707423,0.4903987117686115,0.20457674079377391,0.2376093059146417,0.42094837707118204,0.5003280219166596,0.21098499958467967,0.247666370178357,0.40978630247742615,0.5002985464392482,0.2037398939717472,0.6233120494756503,0.534559046142199,0.21828317729255886
0.42097716082623704,0.4987784637262156,0.21455512722728046,0.24847594425231537,0.40241329871296033,0.49360358212974204,0.20680572309589898,0.24996803488853866,0.4160543791493465,0.4981780234025417,0.20630103372192715,0.6258269903091196,0.5290475371005948,0.21251012563448216
0.41070107501370323,0.49322345705073045,0.20231524389782687,0.24210762824632506,0.4133243874010445,0.4952369305008273,0.2138583082030851,0.24383700164252636,0.4080261635366013,0.49516302148871383,0.20091979801785764,0.6159427285917788,0.5388895180293187,0.19854848531640595
0.4042651687822457,0.48685676704972347,0.20843512928275595,0.23845545302236432,0.40396348915334634,0.49301237847483526,0.19761558254910774,0.24532699968402966,0.4151245900687147,0.49572576067318785,0.19853054455732744,0.6130843041435451,0.5380811809269325,0.20003641305297737
0.4070671815511329,0.479896483470663,0.2108691249035009,0.25175891212934537,0.4112705177992199,0.48772117072502075,0.20384223867771156,0.24279713365729097,0.4025611754178656,0.486615749594035,0.21139196139860017,0.6113123693181333,0.5325588831610365,0.20464543663157503
0.4075728475254735,0.4884479849739465,0.20668755439484857,0.24311000100843574,0.4126991378460287,0.4863047104941853,0.20782448991834698,0.24656279045413848,0.3920583592982445,0.48557497185396514,0.20483229406078332,0.6020822917990211,0.5175089584989525,0.1998052751321021
0.4036803433825298,0.47984896452729264,0.20297783868582542,0.23405560811546913,0.4067069471723004,0.48827918365551376,0.20197850629209257,0.2318473213221853,0.39416918479652296,0.48667731657092256,0.20476807704512084,0.5991738830494011,0.5176396772656645,0.20078479726526402
0.39207945805127076,0.47939915763730057,0.1995247687593987,0.23857479000190138,0.3917148509624444,0.4816666736949766,0.19561184057960054,0.23340169816459502,0.40302617616585823,0.4714196404834619,0.19413308364943027,0.5959265946144716,0.5183515190171725,0.21052216644116692
0.39686353635541877,0.4807096619732702,0.20015148595462828,0.22971099727089014,0.39221019691173753,0.4784180934987829,0.19583428143738207,0.23890374551913565,0.39732237567963424,0.47972154045200927,0.20013371865925855,0.6024913088608577,0.5091429429348987,0.20428579055951387
0.393684637373405,0.47425076565381874,0.19998375807175323,0.2385215169119461,0.3918126187800936,0.4734096553525077,0.18994485939462805,0.23332611643200638,0.39826693124992235,0.48021361254208095,0.19959870383342468,0.5882048925417833,0.5109036422495562,0.20418187808843535
0.3943902488035304,0.46449362918681425,0.1970903451469923,0.2327301852320086,0.3926811921094818,0.46961740500512694,0.19978106203420962,0.23191989307246474,0.38965820161546677,0.4677384711691129,0.2025525121961732,0.5733578807791565,0.5124914227321085,0.19660803667780707
0.3972116531049429,0.4654793885459933,0.19781086377303292,0.23524549501784583,0.3859015281136235,0.4719459323115031,0.19717356318818727,0.2280072730240154,0.38984404350340934,0.46620752858945125,0.19550592763089056,0.5822415489562339,0.5128609374547477,0.1966634187900204
0.3848736393001016,0.46484612249433177,0.1967384162502991,0.23083914662645902,0.38337315873696565,0.4627736885378642,0.18700303199432655,0.23019403120195248,0.3818634607626757,0.45919303887544655,0.19695993252675914,0.5799096782921552,0.5003721909380545,0.19842022384725672
0.3806035986718157,0.45901030611011806,0.1978400906603463,0.2304614342266277,0.38467154762019373,0.4630102516652073,0.19168425806362135,0.2348054360248436,0.3863896234964548,0.4584148628236673,0.18778592827247867,0.5844597760762995,0.5020402056446339,0.18989564374143914
0.3801418346436095,0.4549653331860133,0.1876406861767571,0.23436687086981897,0.38322836680495614,0.4578056100292008,0.18327990408044129,0.235375036166689,0.37883661926907813,0.45519811882522293,0.18724756139936613,0.5714628672650519,0.5013972711297618,0.1887687580905678
0.38505574706994566,0.45494402624303887,0.19370053589609254,0.2317989344578711,0.3826209364721943,0.45183982263486605,0.19277337980046189,0.22127973150066937,0.38058021376285645,0.4470408768496709,0.18662293983243594,0.561114602844915,0.48242694988317014,0.18488748221322465
0.3714621101209871,0.4548690309503965,0.19107157613460882,0.22841174648872511,0.38053831380834885,0.45256608129495457,0.19010247775578373,0.2267993185413584,0.38136026868767187,0.44103854091494593,0.17486953074561057,0.5675745838937236,0.486966189134502,0.18469522266223207
0.3738467711592779,0.44936570612261106,0.1828318983909705,0.2323893774368752,0.37323702098545825,0.4507585554723979,0.1986686047597924,0.2278246617765458,0.37943060459631633,0.44493961417654343,0.1834098666231671,0.5666901896819767,0.4820981297303588,0.1803033092757441
0.37876773316198675,0.4533631590142893,0.19051115842942967,0.21750810771021595,0.37232776211596297,0.453930438294169,0.1825315202817485,0.2163104245455652,0.3666332407262224,0.4507074106173423,0.18709979574824093,0.562347029715922,0.4874602326836985,0.17598279791401092
0.369177560810923,0.44172407687488574,0.1877400131010559,0.22369548560289745,0.3649642565980783,0.44619530161223336,0.19278633327222652,0.22999727971478262,0.3717134437222202,0.44519795795351313,0.18342871472128666,0.5556349692245991,0.48634784958416744,0.18802607728533227
0.35786749682506774,0.43909336636649915,0.1760032482310568,0.22135437301979685,0.37666910088158134,0.4317281203425712,0.18631622570715012,0.22742875426101705,0.37194165342616486,0.4448922228020207,0.1864945274062789,0.5534758020361759,0.473537297535105,0.18691122364200427
0.35684293839919257,0.43454662451846887,0.18034678433152437,0.22069407917220057,0.36586647034514247,0.43264096292769055,0.18924249895234552,0.22403944434064813,0.3552402933709597,0.44189075658404614,0.1790794608119445,0.5421070089650729,0.4733478684983866,0.17066078159282452
0.35108619056437773,0.4410460008496231,0.17432755933173022,0.2226582676130236,0.3543937193850852,0.433028549540477,0.17974382332243122,0.2200321127718172,0.3657943215721365,0.43397418607807675,0.16982869909264312,0.5485326829540281,0.46964357331876705,0.1839533962626553
0.3611747944289544,0.4257653030061907,0.18011745372969673,0.22160484191906774,0.36119600123240075,0.4299620063200735,0.18109816971045112,0.21443300097180415,0.3613320181000013,0.4365717531999548,0.1828328931389603,0.5394790143189135,0.47054084326825935,0.18233382922709804
0.3601972299261996,0.42584442230646613,0.1742054772621075,0.21338354443469082,0.3569441589181641,0.4215182413243755,0.17700164752141934,0.21716031402728275,0.353397982809541,0.4376521192140399,0.1720545187423705,0.5410985729514545,0.45605977832386174,0.16829452086609298
0.35849788146793626,0.4226165927788696,0.17444885401348387,0.21322084037404987,0.3537060410485536,0.42836197539569576,0.18378034282813233,0.22003775206270076,0.3595893127222191,0.4270332192352723,0.17608688843544804,0.53553950418658,0.45423325463168956,0.18150470663991528
0.3574662175083003,0.41221507993390094,0.1815626233124183,0.2158046137441207,0.35650994651755036,0.42045686957671596,0.18256334093089369,0.21027094370479035,0.3530844519333759,0.4170380641152778,0.17525015306013805,0.5209786651401069,0.46108427564566723,0.17526617249429277
0.3467483478222537,0.4228661873787296,0.16633968553366113,0.20962268286814623,0.34635179513839687,0.4225649943585304,0.17480107945739842,0.21939102698810295,0.34765251805194425,0.43001913445426176,0.1797055609893521,0.5260048941875843,0.4556860875480619,0.18095327700388342
0.350643604313522,0.41196491906813154,0.17112034150770872,0.20438133234320213,0.3518308692675413,0.40052511392105056,0.17665711234358866,0.20126059255675274,0.3525137782468228,0.41903273861824303,0.17256041943778785,0.5295976852460019,0.44941801749777527,0.17564019795296315
0.34762387029314057,0.413569020409713,0.1742338359756016,0.2020380446230857,0.3454248911255516,0.4135298366337686,0.17237634014766978,0.2122725636818636,0.34714475714321213,0.41218897462552223,0.1756720249301134,0.5208697735045402,0.45699075467183964,0.18226046855307165
0.35084838662947093,0.4130472410503724,0.16851566360031175,0.20229725973313104,0.34338511659898696,0.41140846240064244,0.17403170728471215,0.21818487254634866,0.34655705485479105,0.40641078920018087,0.16601883187690133,0.5132135263392831,0.4421878740658576,0.1685196143457896
0.3320816359398003,0.41264324291887583,0.1717804811049863,0.20118986114379717,0.3312971327510295,0.40690442109596603,0.17184877551920116,0.2032140041343047,0.33558977371618637,0.40930277684584904,0.16529150223224967,0.5110534889855111,0.4422677094413826,0.1657171046814752
0.33444986714570796,0.40242260329094914,0.1688296217013752,0.2029865587496912,0.33995761816293923,0.4092119105237027,0.16911479987398084,0.20370128791278166,0.3419455990139088,0.4048387620982201,0.1713188972902287,0.5065036242149094,0.4404180636959911,0.1747744315866963
0.3305476563005508,0.41434223274705234,0.16621702760125037,0.20368229864916287,0.3436441885187457,0.4020388122786802,0.16078472144718411,0.19219125099935797,0.34294097201542145,0.39752837638250765,0.16691585530134598,0.4996788428621945,0.42663433674993456,0.16790726601415273
0.3337930738544504,0.3953492910282768,0.16533373317316297,0.1933833113347804,0.33829018051463094,0.4009202577984525,0.1639655959273884,0.20079824546225222,0.33488225701152796,0.39486042427886664,0.16291270228340088,0.4988793002535758,0.43515342434602344,0.1668049831611152
0.33028157903860206,0.39968138366157924,0.16024699811941173,0.18864417586517548,0.3325036046023155,0.3973010101901869,0.16446323824346376,0.20033453160210662,0.33267087321943456,0.3943239904097494,0.17099423582442305,0.4976559720242053,0.429887779086674,0.1713102070991382
0.32890070753470757,0.3936193518063934,0.16721978403406884,0.19309311815178548,0.3270307028519664,0.405570545524029,0.16048820253223972,0.19995814256202063,0.3243326559161489,0.4036535020894136,0.15787671167746195,0.4905912668173789,0.43088957055643046,0.1628828260339725
0.32743150012415856,0.3917981200359592,0.1741699248977826,0.19024721317224141,0.324141221728159,0.39405085749319135,0.1616380316535355,0.19306689617227513,0.33096571029624555,0.3815417970187692,0.16308721892959552,0.48265682579956465,0.4289802088411754,0.16772111519841074
0.32298654605865534,0.3826283958096242,0.15338087370145778,0.19271944260992774,0.3197594661903728,0.3892874577507066,0.15673888561726645,0.18467299915538893,0.3257084396543664,0.3836971728935128,0.15972093183957242,0.4916273947282629,0.4220514291189167,0.1595178764928756
0.31306896894499847,0.3853583332906413,0.1694571504811769,0.1931857109144878,0.3159369508645458,0.38999283043957417,0.1631733817156808,0.19117327877486967,0.3157646513396153,0.3814968006024648,0.15598179045109492,0.48487200159294325,0.4203445155414076,0.16408698233723537
0.3256852362626812,0.37434730773922775,0.16691868218273584,0.1936676884986129,0.31638032159829976,0.3842516858334957,0.1662041309526838,0.188777401999722,0.3140858672012194,0.36428661037795707,0.1624478086917351,0.47821834283653075,0.407567434728961,0.15418605878795055
0.3180019602211695,0.38259596029971665,0.153895596523414,0.19347203048705414,0.31213314779225615,0.3719948811490198,0.1588984902754362,0.18753643081343985,0.3139540794034012,0.372072631658124,0.1485941189467352,0.469193239649078,0.4017585878205005,0.15469236283614568
0.31429475197801204,0.37169384274330053,0.14655338775491233,0.19076670799805065,0.3102855051308298,0.37746379194990265,0.15454324105451656,0.18646624836292244,0.3203148704325468,0.37024777499572414,0.15240468776687424,0.4803678387326229,0.4121046220229483,0.16049135272854553
0.3079374546462976,0.3734599048630598,0.14930878731175726,0.1844818469515885,0.320928508320176,0.3691765874642305,0.15183692526414339,0.19479447943501696,0.30960104549998935,0.37076064391968216,0.1540140436792054,0.4759487523013388,0.4036048531795092,0.15459158748272916
0.3004120623832207,0.36591593773563336,0.1511626688153954,0.17612039357283962,0.3158240733549442,0.3684042903038979,0.15004629649290654,0.1857412019727181,0.3117382871429445,0.3720224062564631,0.15779989807845599,0.4638298399833917,0.40126390636141024,0.15540733413422914
0.3037262707293788,0.36817475194357174,0.1592106091061623,0.18628290921399762,0.304544506778597,0.37092559578793094,0.1434248147055059,0.17108519218297044,0.29796361378274455,0.3757156737441587,0.15491611382121295,0.45721052444252297,0.39870776313732054,0.1508052479990114
0.3026063708959074,0.36898155378430936,0.1478329049322954,0.18227262301872235,0.3021186643267213,0.361565201969303,0.15526882820938143,0.17849965302820087,0.3090378695585458,0.35747651540267034,0.16281893547215273,0.4575110521739194,0.38755566352217363,0.1509698573668019
0.2942763288969221,0.36686237086542095,0.15025862867485146,0.18120373833291695,0.30370134682785416,0.35444670639273557,0.15078245622012976,0.17750932659044213,0.301858179908406,0.3589181378146363,0.1521137007682563,0.4562802026456315,0.39603092111451427,0.14895631789665678
0.297532867435033,0.3613134191016518,0.14897141156921923,0.16746860905175487,0.2961549536236768,0.35950234590840885,0.14576682751452463,0.17590856135028587,0.3016780854230255,0.356842702203407,0.14093586627635418,0.447563838742528,0.3758760243038677,0.15518506611878027
0.29652664092704956,0.35556242053585135,0.14338329593094987,0.18170972448518,0.2978142142594119,0.3477211812141326,0.1507981361594595,0.17272016214049996,0.2967675985771657,0.36309939544732184,0.14979866323682722,0.4406704839295516,0.3807583869031421,0.14760661882093748
0.2946850555663493,0.35824241301951587,0.15195368672751963,0.17644644278085334,0.28486763048474084,0.3451750329095639,0.15026630119919088,0.17377337669809756,0.2862922494253567,0.3438681068557284,0.1506881736542647,0.43815224438207884,0.3846104108059816,0.14775061968284703
0.28771706482847925,0.3531438493868687,0.14065937870796902,0.17992746277841984,0.2903594163869953,0.3464124524493927,0.14474502872144585,0.17882041836904966,0.29253224004941647,0.34849654071633224,0.14201943291995991,0.43515256338772906,0.37526632492580636,0.15037485209692425
0.2912468102813924,0.3454240816950219,0.14107283302542345,0.17787725079893,0.286891548302307,0.3557034915892288,0.14860991408401783,0.17611258791541629,0.2953565394562007,0.3432612789435247,0.14285645564706642,0.42539385525609297,0.37358751962350123,0.14435645881462167
0.2827222498778236,0.34457780222327733,0.13354590472477756,0.17689609529091838,0.28694239386801906,0.3448952601032803,0.14554955169854747,0.17713436403580965,0.28768215590825064,0.3470599224036941,0.13885507789827953,0.42179100690543175,0.36672581049725567,0.1448382475969293
0.28810288550581586,0.33340627510927356,0.1442088285253549,0.1696694077604046,0.2795783349031178,0.3448243096646286,0.13744922065017243,0.16755357220725495,0.2832120331178435,0.33630067984088596,0.14091746996479726,0.42846151133077315,0.370742558883046,0.14498312652997386
0.28537292489095173,0.3395617285903332,0.14233389015441217,0.16527451388110195,0.27889239766797247,0.3351979016319773,0.14101574806810988,0.16830411957995894,0.28900169657253316,0.3394530806743452,0.14093946540382024,0.4164349759919409,0.36275727852816303,0.1345666892921098
0.27551504574841895,0.33414213626479433,0.13932492918021852,0.16721379823224358,0.275725081565048,0.3465050072842653,0.13642897413116145,0.1676934702305415,0.2823306770695838,0.33456529545163277,0.1375606657582988,0.4133295189936018,0.3654853593690745,0.14289637463652652
0.2652471253194715,0.341644329223473,0.1421591670290207,0.1734881542079512,0.2732420995698704,0.32605134844249894,0.1348215680536116,0.16523406557238302,0.27770683298837934,0.32153006348938584,0.14071903649865025,0.4075533415193614,0.3570191826477635,0.14018264268977826
0.27520464397147515,0.33182299868617227,0.1185617491138386,0.15848056370749034,0.28759364451070035,0.32088430005907026,0.14040308852557495,0.1673367708721962,0.2756475181693312,0.32935036733184825,0.13400984436647434,0.4188096996775668,0.35078369139652255,0.13939356285807786
0.2666627131708332,0.3324662016060959,0.12914981165092104,0.17015647190150388,0.2697179634133531,0.3194354872675255,0.14189602198265097,0.16194167989988134,0.26768723065159744,0.33027588581642314,0.1394566063648954,0.4145318691136938,0.3493157891037876,0.12891106940853445
0.26910252403538015,0.3249871254243941,0.13640592547158048,0.169583158402784,0.27363061639776226,0.3238277256785028,0.13172921505264906,0.15646468574088562,0.27111054557255376,0.32830478266434304,0.12785735793527933,0.40209855200479233,0.34814809856991863,0.13338317738480027
0.2649375990636731,0.31721665525966647,0.1372522198990681,0.15695905519635994,0.2657052200104939,0.321250181144722,0.12807839695977072,0.15471271016218882,0.2645366603297006,0.3130918726081555,0.1370667783189156,0.3988770107681283,0.3472260099695649,0.13087333587530206
0.2657609072917419,0.31550140898581464,0.13334669178530023,0.16048862200637237,0.25556238343728227,0.31669655138610453,0.12481801336830152,0.15383935782877253,0.2575339924545832,0.3119501081958762,0.13034539569159082,0.3958835439615488,0.3438594404489576,0.12772960593652405
0.25205119470125104,0.31519611672092934,0.13090509026666935,0.15397729192891527,0.26512198351485133,0.31449401084195805,0.1362638545986172,0.16315183560007962,0.2621113196634364,0.31244079366185556,0.129785008654352,0.4016325780128622,0.3311716247099022,0.1280111632669795
0.24836081430964682,0.3239407875591045,0.1288216316203308,0.1496345337270902,0.2589372022545286,0.3056332157480184,0.12719950926545803,0.15609799138009287,0.2638647725062854,0.31192098793976514,0.12726385564714493,0.38849616708603507,0.3360698926685674,0.13191410507484375
0.2674484101361024,0.3000057040723925,0.12039754342269361,0.14965409580830852,0.25678254452880606,0.31562548005195495,0.12988359674473784,0.153779452527163,0.25657080221395806,0.3150151474743414,0.12985942918628068,0.39153727498529434,0.33311911231452157,0.12862575450326152
0.25192727885791133,0.30356702825306364,0.12205566475353521,0.15493744851132607,0.2543650085079222,0.3019742269654134,0.12158457892574008,0.158436436331349,0.25130115706928113,0.30416689751345555,0.13084048906490714,0.37712003750551365,0.3258684733228713,0.13136153170875497
0.24915346487975695,0.30127251499681457,0.1326382700433088,0.15326232177112112,0.2639516053039662,0.2967170985069243,0.12361286784279546,0.15917391765550115,0.24294698279297175,0.31388693479257923,0.13112404308228148,0.37629290252393377,0.32569232023636124,0.11890815813122584
0.23763549886699323,0.2964113925886284,0.12019692770946498,0.147533785638686,0.2459259883974231,0.29980120885662137,0.1285233319079232,0.14957997439174042,0.23834182202954926,0.29919941240117187,0.12714573658949446,0.3739931225106355,0.3222106456825808,0.12424766750520236
0.23913440691287474,0.2945334886738517,0.1265279891168145,0.14807422426208272,0.24585671965268951,0.28643731237302555,0.12600215677104348,0.15538528672181778,0.24710074120843004,0.2871731104189428,0.12032656042718418,0.37063828900297485,0.3145993477627912,0.11477907851948696
0.24794349022218715,0.3001910010597016,0.12458592536533325,0.14356154520428416,0.24190317022977376,0.2989294276768649,0.12341007581300557,0.15059287745271913,0.24943908367890047,0.2941880839143451,0.12513404355394656,0.3601658788422622,0.31277224538263126,0.12454689105043967
0.23566344809682363,0.28357420135134914,0.11519722991050525,0.14268983482448788,0.2361665125551328,0.28554230635350963,0.12010231558074311,0.14950766385732853,0.23889178253215773,0.2878756865394287,0.12355892145234852,0.3644026152920673,0.3158852386653548,0.12465929115893923
0.2466372025808937,0.2899778267543092,0.11609892690449637,0.1455538221469073,0.24043926411930336,0.28884298704738404,0.10984553816687663,0.12778227104055792,0.23561753670788446,0.2929868110733864,0.11039752652772256,0.35283733728788286,0.31184086785699233,0.12592929501245131
0.23848142273518333,0.2813502976924669,0.11731196270406163,0.14624637645466732,0.23277459176731977,0.27905642251584467,0.11844595330527555,0.14319820098053618,0.23001438693864676,0.28382694574111217,0.11116534333415022,0.3393745324476475,0.309573127470964,0.11228217398221553
0.23943759647866786,0.2856713813136431,0.11360899236699522,0.14343341767642764,0.23898833207929882,0.2771254750269975,0.11145591118997136,0.14310996738488302,0.23575118169561013,0.2755488963371377,0.11613475061221003,0.3549514222537556,0.30194263419704254,0.11576307544550313
0.2328914452996113,0.27646249110527865,0.11408085801582758,0.1423474397147781,0.23295881169835164,0.2786798444524064,0.11891629067782765,0.13745352177475956,0.2383242879144024,0.27272972114365934,0.12309608831370532,0.34853790840611837,0.30502714193186037,0.11586540387447285
0.22959151159847396,0.26919097737154346,0.11194273095729726,0.12958865035551453,0.22611715692669157,0.27959114738840335,0.11262036395202875,0.13888181386759044,0.2244263036857464,0.2750252732604398,0.11665901653135625,0.34460423735876833,0.2979194069156992,0.11136170953050392
0.2304298601202517,0.2913602487152374,0.12171519856995683,0.15145322946324616,0.22391731668310608,0.2700986259642667,0.1185071208366125,0.1363243760838671,0.22609889906316658,0.27592251545108043,0.10159119076498603,0.33779752914366706,0.29315175481301514,0.111682983575588
0.2205476488372875,0.26495051192499336,0.11361489758066744,0.13645931456930652,0.22258478354104155,0.2666727111098872,0.10483279810597393,0.1431392073561507,0.22586277957069723,0.2595830477135013,0.11257900929953495,0.3384411388297047,0.2921588795408391,0.1137234519607987
0.22334660381698168,0.27038386837696826,0.1145124862265878,0.13268037577379296,0.2169895109960541,0.26763135013526995,0.11343999060653508,0.14008032871986542,0.22274131937478084,0.27241481144155294,0.11294008547984603,0.33353379531020455,0.28397643981602433,0.10751234580025025
0.2171888766523393,0.2662094286295186,0.10750024906429813,0.13102706830943148,0.21317391372668135,0.2616753163684596,0.1115040518639385,0.12466771847150276,0.21937819682461843,0.26405863482726943,0.11539356825030522,0.3281439346853664,0.2837431687330134,0.11091432998429934
0.22119210191913294,0.26515996880449477,0.11477002970290959,0.13338989966156786,0.22291709510567698,0.2599946407299823,0.11319342752252473,0.1286608164175903,0.2143458927196365,0.2589176458759502,0.11446847613090218,0.3190329541043352,0.2779237865453045,0.09849878947410114
0.20750365318513317,0.2571234810993413,0.10873766789540795,0.12721413801721518,0.21996378147751022,0.2559950893601292,0.11175496245103413,0.1317821338795357,0.22244456482953848,0.2560569781278333,0.1057214158563132,0.32410011396567234,0.2717172746879893,0.10695585009602881
0.20867817703606303,0.26140550976857135,0.11018033823426861,0.12770557843828115,0.2117142182833481,0.25480355206497773,0.11505793476740858,0.12179578856610121,0.21524955629033773,0.25339395501002115,0.1081652509734089,0.31309359738027537,0.2874367939319353,0.10707955420770887
0.21635431016404533,0.25215561041522055,0.1061491319051196,0.12065070937406044,0.2073489467090758,0.24914160306792912,0.11165426224834393,0.12541202171005147,0.2104786745218033,0.25534368398889606,0.10646410452766993,0.30203263935164215,0.269612124447893,0.107309215782706
0.20955650126869177,0.25271625863958064,0.09972864210453866,0.13473391574352814,0.2117600165060394,0.25356449792368696,0.09759144500191452,0.12254240761791947,0.20362813818159148,0.23770903523299125,0.10257797468582185,0.30352125781321715,0.2658298007809678,0.11202379363977516
0.203330193092105,0.2480711178416724,0.10749621970046826,0.13015436997502944,0.19676889634766911,0.2504054010817662,0.10226003475710946,0.11799892118838479,0.20350575407340996,0.2418381389831865,0.1033234634434756,0.31316803895554124,0.2623196078080234,0.11044973941715569
0.2033216474108109,0.24516563190262225,0.09002882290787896,0.11612401900623494,0.20078809330518368,0.23577624422353494,0.10666108743800568,0.1263069848579912,0.20461851487484736,0.24690728598874304,0.1081846843115464,0.29720717852914014,0.27029614331492396,0.11186668876756355
0.19289006642473272,0.23220137867013915,0.10896945633649763,0.13036013814196862,0.19624206351606888,0.2411059367316293,0.09253059771619111,0.12816714253037523,0.19996967727762469,0.2424625802406878,0.11092314641342085,0.3013041916134888,0.2590748443371365,0.10706796359747553
0.20247224424668675,0.23699114457826648,0.09732342200291867,0.11274148287323883,0.19827724363264537,0.23755239807488637,0.10424894672145255,0.11766442043599064,0.19031237715728225,0.23688594323477768,0.10188816908785885,0.29785679960929073,0.2625370344909266,0.10533385683203378
0.19418035955976656,0.23835433568240466,0.1048394634432451,0.11951811315850343,0.19532739479817632,0.22717959939925883,0.10002425864841061,0.12501903647729473,0.20158575356607,0.23939860528167423,0.10029359813935679,0.2995807034680811,0.2594226847538111,0.09584937229972702
0.19028027898754515,0.2301542217235061,0.09036342244046129,0.12189357298348695,0.2019138962761704,0.23085666534976937,0.09258476993803827,0.12089491687725235,0.1857499374727457,0.2324793102886188,0.09735596776849466,0.2880152181447476,0.24622728436012284,0.09822335604187886
0.18904762693573693,0.22364678744846322,0.0950013582163515,0.11595980187056637,0.18390570802209388,0.2343468103566281,0.0845562045726657,0.11950720661724998,0.18607505332900592,0.2282602089408449,0.09148550298397047,0.2784413450144038,0.24402722125248066,0.08836300217100518
0.1854854570851299,0.22034799957379259,0.09354387249343576,0.11464564692985005,0.1838538408824522,0.22064002125328322,0.09811703834632932,0.11629885786406143,0.19665587701954637,0.2273096264112715,0.09225532277385254,0.2795621361969362,0.2512556102468619,0.10353690167127376
0.18105862716390755,0.21780540483472577,0.09376293389159404,0.10726142476237063,0.19011794363915596,0.22316240719160635,0.09396560168005123,0.11388821453572284,0.1851838417626816,0.21442313520906758,0.08777613887319895,0.2783087075836543,0.23785712965283545,0.08777385568046517
0.178928598994135,0.21821031886915654,0.09405823009644322,0.11247674339715331,0.1828773012282648,0.21744582800784834,0.09232931300224279,0.11166228997787084,0.18265475294466593,0.21506890709345772,0.08948706597596214,0.28014940619602974,0.2357459110827929,0.09485442563173856
0.17410098886086123,0.20953853818802443,0.08814183061246854,0.11596941729368249,0.1767593094114191,0.2126062330754232,0.09905119194296923,0.10506088329737664,0.18015737677447843,0.2161087146604509,0.08332645307564185,0.26875974292266136,0.2308296012752771,0.09027647027400132
0.17014375014561728,0.21742828824725716,0.08633957992489522,0.10327188658508785,0.18096637295954368,0.21127477664045805,0.08137705950232524,0.10315227848221088,0.17933258913477143,0.2075672825208731,0.0885777179660687,0.2656039591319463,0.23135390064222125,0.09069981280387601
0.17661161324903785,0.2043198179069299,0.08405394010067828,0.1126192241528361,0.18351985878248808,0.20603526621807866,0.08797279970777636,0.11081199868027357,0.17322185826678627,0.21848527446163776,0.08594714543062829,0.2593353787969589,0.2291222833401193,0.08720516752806776
0.16210569312914058,0.19753474709284616,0.08864494914612972,0.09769135449958327,0.1636048717426234,0.20878162861531,0.08713157096213872,0.09732804106098192,0.1847221772032205,0.20533518202816217,0.08314433907819424,0.2656613048223186,0.2212364513433872,0.0796145247421393
0.17401835394292062,0.20023758658664084,0.0874726277296444,0.11415077588198398,0.18223590769167283,0.2025312160711967,0.0842994946440112,0.09480619427046942,0.17392556206218457,0.20358827259210682,0.08252937379221674,0.2697854936642064,0.21157464723993966,0.08662401172615634
0.16814153047182792,0.20720488259780412,0.07460795332632368,0.09707037068260714,0.17092193649730839,0.19191684753837712,0.08479626607383195,0.0937809874294718,0.1709816231708027,0.204417645220847,0.0852563429754153,0.24811801031589786,0.21498299214275096,0.08132590147354751
0.1642038258775453,0.19943422801585597,0.08480028626441406,0.10069042180475722,0.16717671081072982,0.1968838414392196,0.08287428438278388,0.09885165226492922,0.1672518251512499,0.1915322106496177,0.08263348814679958,0.24816247499720606,0.2185671133070908,0.08490564839524467
0.16248623229023657,0.19254898608891274,0.08537425877817918,0.0974993308606655,0.16915902028456178,0.19178178310270796,0.07818102646987742,0.10291752456305742,0.16069583936178197,0.19619117779837336,0.0814678643838562,0.25009763804107643,0.22315076478632914,0.09136712851164819
0.16965801205330783,0.19910215505036216,0.08102056146071505,0.09821991012622014,0.16146154580237002,0.18681501294923017,0.07548519576768448,0.09113793161526357,0.1713201798838545,0.18808421269488818,0.07702159274215287,0.24244855510768554,0.20437273453347574,0.0728639639096314
0.1560192888117313,0.18869096518256007,0.07408326673860026,0.09889225190805827,0.15921279249004527,0.19274896730372562,0.08048608375792897,0.09913757016526274,0.15944607727183485,0.18335997400830348,0.08446882806145255,0.2383184658335608,0.2023824803033386,0.07482397711272606
0.1452638354971068,0.18416933202771862,0.07077020839727519,0.09747122793148011,0.15399660060117193,0.18760134181868476,0.07771464168998647,0.09567236900849141,0.16062936429842073,0.19438123536660412,0.0761700561349159,0.22239478540028715,0.19920039222043237,0.07762245338516596
0.14762979032223406,0.17780640275390314,0.0711938411218736,0.09875880440173496,0.1528834401306938,0.18699541767638575,0.07085509461766616,0.08982874066569382,0.14856809332851412,0.18755820682062024,0.06870828812247937,0.2258914442082388,0.19937081741388774,0.08474260887245184
0.1414403653065992,0.1805931197848498,0.08277578194051541,0.08739251206447897,0.1482913478146174,0.17744517063194035,0.07044784304168261,0.09436464761414082,0.14416774386410972,0.1808240735598641,0.07944023013276161,0.22418014150479737,0.19080878612343075,0.0752700077965818
0.14566980088136672,0.17619361570418282,0.07720011945738811,0.08261100480485128,0.15134332988817892,0.18429538949804083,0.07243496796703339,0.08961162929899265,0.15460276533938178,0.17372436402551544,0.07245699414900579,0.21426919706311293,0.1908377854663314,0.07445383532309673
0.14996979871924468,0.17969842779742376,0.07692878408758115,0.08685228346092476,0.14966732759234005,0.1775092932901334,0.06801069587696032,0.08775872330473133,0.14265479933107683,0.18089208175273405,0.0697099367096065,0.21987531737201382,0.19220157192241263,0.06614761469816637
0.1418443809584382,0.16369893011055248,0.06073352816078094,0.08400014409596404,0.1413409948658257,0.17547607266333612,0.07074472428963736,0.08635033389044657,0.14313042499949802,0.18100882631432905,0.08076123557353854,0.21958965886101797,0.18459049517977888,0.06959612663771077
0.1386965040062912,0.1747344879261622,0.07024947877805628,0.0814995158040687,0.13994244273406437,0.17619411860600473,0.0623884144267663,0.09368544586854598,0.14080450399871053,0.15818691690233952,0.07094572864576049,0.2112856330589171,0.18304217581547652,0.06498870701175681
0.13587663363273242,0.16110427045364767,0.07340949906734988,0.07827216767550908,0.13929745788160577,0.17356435724722824,0.06336073243302572,0.08219101089790921,0.1491428690635939,0.15845915504070426,0.06506458770366061,0.2085330655375597,0.1762552171904404,0.0690761270224719
0.13894730096750907,0.16048552770479999,0.06466132299998856,0.08636856477518254,0.13640288557871125,0.16796459918246606,0.0771767143456096,0.08307818403825241,0.13529617204657107,0.1642903747575573,0.06513573028018967,0.20404900710319954,0.17351396770097866,0.07317159423788096
0.12435786904775527,0.16768220497264974,0.05906997479361093,0.0738727788552678,0.14039591998801662,0.1607501054300799,0.061097358919477034,0.08035325860711186,0.13669731420885445,0.15424532625626636,0.06890905640013972,0.20454002650778236,0.17368814471264893,0.0713667017565473
0.13510611428532365,0.16034171803842803,0.06781334279805429,0.08025538556294592,0.1381147751412527,0.16828653913530162,0.06294130707412461,0.07473551752627074,0.12673680661708106,0.15942920950147935,0.06706508033516835,0.20402094662424547,0.162288029788518,0.05459949680098281
0.12375617643215857,0.1475943912396102,0.06267738556711844,0.08318153867081586,0.1285517649775607,0.16647076507354244,0.06244916454342622,0.09038111717365681,0.1296924919793361,0.15593113295088518,0.06809209242096814,0.1992395347044531,0.1732371374625519,0.06311891282593668
0.11717267320234638,0.14779012971965158,0.06873075345044331,0.08091302957731943,0.12918115576774183,0.15074864278493846,0.0675898848804536,0.07222830789960576,0.12958665374047845,0.13840901005440856,0.06306570282001762,0.1937464702092206,0.16745438293361356,0.07317744140042154
0.12683866417799222,0.1533532160632544,0.05750915842880862,0.08181692158526094,0.12382261989996192,0.13731935212631655,0.05796606905023952,0.07041293032121826,0.12241650031395965,0.1529587048733264,0.06523392444459364,0.18309820030493712,0.1520970497226178,0.0601801369401909
0.12818161463261574,0.14583194483686576,0.0664108929652377,0.07275207576807963,0.11858157096848078,0.14911656243238866,0.05322456160118902,0.07520470325591185,0.12086212470969594,0.1518543306915557,0.058144100949272366,0.1676836849038763,0.15491188975761594,0.053115851703264
0.11744094813482535,0.15170565646311293,0.060388427162676596,0.07392664453905046,0.11630512091164727,0.13633507161149913,0.06051501993173561,0.06004947236100001,0.11854716513269734,0.13427652356916503,0.053626527328001494,0.18047355154724037,0.1574587231103164,0.05636578543313826
0.1209686588344193,0.1347324272054391,0.06502806001562254,0.06675961915380212,0.12046883620123701,0.13098272939760267,0.057823965159367184,0.07577035512868789,0.11956613316657468,0.1391279440259528,0.06328116022521638,0.170611661310295,0.15256133514418918,0.06068722907800945
0.11210138341109077,0.13558337843904808,0.05535327899871479,0.06626120278239292,0.11264051625638774,0.1344107799279093,0.05672566645360141,0.0719275774619221,0.12021036416962969,0.13545416853784867,0.05660681432071975,0.17158700713832634,0.14875152417751444,0.0601004846429475
0.10506112075902785,0.1414718243834795,0.04835918499948727,0.06015469731712006,0.11313055632387964,0.14165821582288834,0.056549354561739346,0.06945437996118492,0.11829433887571676,0.13720509565721217,0.06269223954920544,0.1550737015590385,0.14404180845636533,0.05196545778591093
0.10796402429653193,0.1241590129564312,0.05298861310364787,0.05809995630532221,0.10235152504263142,0.13471257554667393,0.04898108437603152,0.05391090394401889,0.10835340076211461,0.13644261992710657,0.054978455787533506,0.16334324413738582,0.13165048883745034,0.05307170714868649
0.10860274182855277,0.12596108070547424,0.04951622568326418,0.06963412973491744,0.10325151218274453,0.1334816070558545,0.06030167708132447,0.0566560004372049,0.10159318947361647,0.12244274411283496,0.047975340954214546,0.16511065133580538,0.13212794137362327,0.052948066100701636
0.10643553016262229,0.12212260168381932,0.044848085431773044,0.06486500381269418,0.10103603476455922,0.1307422660552524,0.05816259460695912,0.060644549249022905,0.10080634200281229,0.13219862959931156,0.05360449968838088,0.16407371728751538,0.13526917739426544,0.054147906035219046
0.09969110628734187,0.1229059658075382,0.05215418939821178,0.04963608933012793,0.10982744827898179,0.1259328787856263,0.042317077352618755,0.06101300097654616,0.10086291428029016,0.12195219978736496,0.04822264090199877,0.1530498596088604,0.126015364491851,0.04980723543592918
0.09523754486964113,0.11779154203346665,0.04345552692464162,0.05995578965086042,0.08393962518268713,0.11479967253359082,0.04648244800672749,0.05921298916133172,0.09256920747563997,0.12159671587870717,0.05257548456540948,0.1428569723515858,0.13054518964979453,0.06536320447933557
0.09773504042823623,0.11781133237883865,0.04731139190781945,0.06308246283748219,0.10348600258585364,0.12192876934389903,0.045331858249275395,0.06474443803395273,0.0812903864443464,0.11087487915818675,0.046801109199667915,0.14823322604108022,0.1202383948053411,0.04801873556308074
0.09197381717109242,0.1113900235177532,0.04617757258100166,0.060502657015944254,0.09894601809427161,0.10658727650291054,0.0449760071758456,0.04988756857729879,0.09919673957161372,0.11014766005721333,0.03979921236830608,0.1447739705116376,0.12558107203235655,0.04759111571501441
0.10095225773245074,0.10815267202017792,0.04649693772806443,0.051797520754622885,0.09491656408336258,0.10702689088167973,0.049264834561250144,0.0607918173017688,0.10037745210541876,0.11316367694698899,0.04174088970464332,0.12927450691236547,0.12418219197498398,0.03546187197215125
0.09115274703375366,0.10931486604852192,0.040429827128086626,0.05349523604167534,0.08815382238107286,0.10965922986453351,0.043582067725618547,0.05148957203753252,0.09877553870834391,0.10191311159999208,0.04360312028984298,0.12764647157601805,0.11151478380795311,0.04578701077667039
0.08513681193761494,0.11335562748329962,0.05017182499249633,0.05047362751201454,0.08011315561396089,0.10460576449950662,0.042335312890428044,0.05092075702562643,0.08725566481290614,0.09833539378630321,0.03838760749874526,0.12862719368190467,0.11677073218820494,0.04082141637006106
0.08469370514009684,0.09607295792158853,0.04630926101268588,0.04516109754586932,0.09174149451057605,0.09919809807107875,0.04018058815386527,0.05246234341704854,0.08440404159966648,0.09289541097568069,0.038370790064019146,0.1303412918420526,0.1075100475412493,0.03966972375708896
0.07250421301486842,0.09986896335294307,0.0381561709177997,0.058137793926376524,0.0753493196062127,0.09214444485307521,0.03863093502965032,0.05428796631823869,0.08704056386488256,0.09470820839655829,0.03570700670102685,0.11718543303558328,0.10608196556462239,0.03788332455156281
0.0915397817323367,0.09625527308087939,0.04649856681980003,0.0537902068369851,0.08006799597340686,0.09412035303354242,0.03539068438435828,0.04213238707667216,0.07528125921091873,0.10868707928933505,0.037480784663457854,0.11521887101264087,0.10055254593308348,0.044896512922020994
0.07540925317991774,0.08785164456462458,0.03104389576936223,0.04749652404894961,0.09062061106454292,0.0879595918128134,0.03533456346761541,0.061520097672526225,0.06819524052416007,0.09427484995765288,0.03881492058872385,0.11612395065267288,0.09168184923620132,0.030499302628680426
0.0688527307246844,0.0912135763763878,0.04132164786619438,0.04846075843940787,0.07940801103904643,0.09695578133929461,0.04060772036886096,0.041275383453562714,0.07009846533961363,0.09159275862473461,0.03814343421511666,0.1108023691675008,0.09492660915139076,0.049199511568829984
0.0711314061345853,0.08387338259614546,0.030005673252758772,0.04807014104011652,0.07094039581535928,0.07999378200209657,0.030006848902009005,0.04650147675102278,0.07711220744420291,0.08650871726448728,0.03965890196806817,0.10748798239083444,0.09574424224597883,0.030749671122936726
0.0618628951493109,0.08950410681272955,0.02803132886454774,0.047772074612316806,0.07744070749751403,0.08212707204049693,0.032870198633393743,0.041592010569876235,0.07044934362491696,0.07555841415962312,0.037919560549158245,0.09691126481238227,0.09258678964812611,0.028893297219757433
0.06609814842853222,0.07793730662343537,0.029003007190972596,0.042895512509048515,0.0725891632251081,0.085182304425599,0.02917906605977695,0.043340836278512554,0.06654198789340891,0.08834520093994687,0.026547041085358415,0.10973166738601735,0.09310029201199979,0.031269632170777675
0.05191773469023673,0.07108016505030669,0.03467659874929067,0.04484607682336937,0.06795498958668417,0.07597460708625227,0.039327861680983546,0.033717329753654116,0.07105185325008939,0.08253757651761881,0.033878482219338174,0.09736592638655857,0.09062113707215086,0.041941310887585605
0.0579593652055888,0.06885527597687051,0.01990351400526596,0.03563015641989845,0.061905502911717834,0.07635321425542506,0.034456709781654465,0.038251281780613364,0.06373800611539006,0.0780852435601665,0.033069897269433504,0.09172086546803529,0.08439500223156221,0.03399013528871736
0.06679952639771632,0.07291673283757881,0.028206615445655475,0.04357811292290707,0.05755230443947977,0.06155583035635141,0.031348648300618086,0.030142150162119723,0.06045235750583206,0.07217676945687052,0.027475746780830132,0.08237728185519283,0.08356100254855328,0.03282381309550515
0.06485178881389164,0.07224540394298495,0.025653038729753785,0.031118048279554066,0.05758937366333965,0.06724079072716414,0.03661603178990465,0.03331829554845587,0.055974859938344,0.07098821051768815,0.031024471437236956,0.08303282270969602,0.07208866298910901,0.027817233682965275
0.0603700912852303,0.06902276443157192,0.02764861488720657,0.029952301773030442,0.05296820519868836,0.04952508451669151,0.028866664102850065,0.027368872304621,0.050884628724224217,0.0701763710134319,0.026523463526578667,0.08342877897480097,0.07123180709755314,0.025290383555851913
0.052953956024963444,0.06122467649911146,0.029276857993461743,0.034956844394931484,0.03501895108787792,0.06996258755430618,0.020120968480827017,0.035676008401722435,0.05217294838755961,0.0571739837805418,0.03136613727332108,0.07915914609841307,0.0721447539773196,0.01967038138497771
0.051731298068036426,0.05461954253169239,0.019386380371332272,0.027654969760452355,0.046657777993241,0.05251068269839873,0.026157666675459018,0.02772545379356075,0.048287575197285104,0.06794539648938183,0.033105363523780094,0.06948494965914334,0.05195453167415426,0.020024882187956422
0.043533448902791344,0.05463685282305873,0.030606068481333768,0.02712280256123064,0.04751897161479476,0.05704683157257684,0.01839035808672016,0.020548606865450514,0.04584502631434574,0.06055334718406715,0.016759911140244114,0.06648955222923612,0.05812166844895186,0.02601412230947001
0.043303803217157315,0.054157441463351656,0.021622649105871403,0.022334903977846834,0.04275620712358645,0.0497056347042233,0.028018953510243947,0.03582932320280109,0.05072220837631238,0.05257931124358421,0.02928845391891107,0.058155290564257965,0.06098444941580674,0.019464933827380678
0.04122496484104443,0.04846391744013765,0.019101935902390513,0.01726775191941953,0.05143263594198306,0.05203012431964713,0.01958452136429312,0.02819728617917285,0.042135279851739996,0.04440628467875446,0.02109456872146952,0.06536727988700845,0.05642791587435756,0.01995117278403887
0.04516715379681529,0.051174621955289025,0.017362484601495698,0.021793054901347853,0.03364931703098145,0.050302803933132155,0.021245555076340936,0.02356084676022363,0.040921159236188644,0.04713001233039229,0.017616419045611616,0.059613057448502434,0.04904330538720231,0.02562933086037187
0.03018833345563136,0.04116953483210561,0.01811751869697644,0.027938901731235737,0.041966162877015246,0.037760299751271334,0.019213322426664212,0.020776337370483212,0.040307825863358154,0.043631284169873205,0.02110325305161121,0.06421370512086086,0.04920230473394847,0.018646494551903772
0.032101162258529804,0.039545638483361255,0.01410537268225058,0.019488291567388568,0.044896411814429556,0.0391714470165014,0.017502446603776603,0.014194908181977016,0.033680089331724686,0.038050599977170446,0.017447265809565248,0.0542180204507549,0.04323236425887592,0.01451523412863733
0.026632010678877226,0.03032261138967888,0.012053939002938753,0.016216903602834728,0.03568852795890363,0.04702751044932603,0.014781323009254058,0.01966922163856065,0.028735379106182783,0.0428086948865446,0.014866024188664008,0.04945599139404785,0.04064841784698954,0.01862340284789599
0.0263814233836525,0.03177315762292078,0.017833039473777346,0.018016537721954305,0.0325806914753342,0.04015395253384596,0.019209952290802346,0.013108446232374237,0.02477126308488935,0.03201958514346567,0.008599626008755364,0.045273867852211,0.038990037331575335,0.015688506489671867
0.02941639706059253,0.03948043719759715,0.011772792868476083,0.010817281589665904,0.025709450847365017,0.03572053315333891,0.03171159100473927,0.01278669730638295,0.02211138513178248,0.03544202027979333,0.015826375597937564,0.04279601300873184,0.029959774659698006,0.01909586268656157
0.018540861492635462,0.0309431815185675,0.008772940619938564,0.021075157318444088,0.024411727677284497,0.029095807624476947,0.011392050461703097,0.018673897723542048,0.03106260628380489,0.04037503511497728,0.010561339460630604,0.03983669101946565,0.03685544254199703,0.013302328590139412
0.024728650496754406,0.024240979999223984,0.02196978287316195,0.013588905577271,0.026607607099600694,0.029568288084591346,0.008546831633499714,0.016946033883633842,0.02104246606726031,0.023113856804754557,0.01742325862379554,0.030225569363905476,0.028455829411299705,0.0014959088839875505
0.017439468255993323,0.018641416653615954,0.021976487777852122,0.010964411877988516,0.016140652308340265,0.030883454099948963,0.011900217049401123,0.014990090075481945,0.01463719982191989,0.02586643704422198,0.008146532898137784,0.02792463359201049,0.026294552392314784,0.013056855713001081
0.011119539912821087,0.029566573589225615,0.012469468963540543,0.01681943985805243,0.012610837110290755,0.02222638734417447,0.003420480915129564,0.013673247970903196,0.01317981085512315,0.02346913194472752,0.004535677121683097,0.027353884752646027,0.02227341452716491,0.007998063228151912
0.017853827796372634,0.018418375254366133,0.010181237986775355,0.013695388168808626,0.01798973217658727,0.016609412562345403,-0.0036442668432280275,0.0041381059042148415,0.01527576740772827,0.022966851932913694,0.010793963039608329,0.01834869299922613,0.02013414551310434,0.007432613655081105
0.020146947683674452,0.008112942414061124,0.015674595759197427,0.013350243709152932,0.01144298201976038,0.017195265124849257,0.0072506361871879435,0.0014962057812287826,0.005948768602649958,0.011513916487884208,0.006996416374413452,0.018052596168957387,0.012209943672434952,0.004976390141328847
0.009859776839431358,0.01006490604033118,-0.0003163407571211861,0.002430681390223593,0.004379804724487606,0.006793023432632088,0.005842429538217922,0.0028867553267321842,0.0023211862922125435,0.011708595902757652,0.004544577644588935,0.01931569651105148,0.012021310374717759,0.006971767221782567
